Workbook

Sheet Блюда
A1: № | B1: Категория | C1: Название | D1: Станция | E1: Вес порции (г) ↻ | F1: Себест. порции (TJS) ↻ | G1: Цена продажи (TJS) | H1: Food Cost % | I1: Наценка % | J1: Кол-во ингр. ↻ | K1: Время (мин) | L1: Доступно
A2: 1 | B2: Салаты | C2: Салат Каприз | D2: cold_kitchen | E2: =SUMIF(Техкарты!A:A,C2,Техкарты!D:D) | F2: =SUMIF(Техкарты!A:A,C2,Техкарты!G:G) | G2: 22 | H2: =IF(G2>0,F2/G2*100,0) | I2: =IF(F2>0,(G2-F2)/F2*100,0) | J2: =COUNTIF(Техкарты!A:A,C2) | L2: Да
A3: 2 | B3: Супы | C3: Мастова | D3: hot_kitchen | E3: =SUMIF(Техкарты!A:A,C3,Техкарты!D:D) | F3: =SUMIF(Техкарты!A:A,C3,Техкарты!G:G) | G3: 12 | H3: =IF(G3>0,F3/G3*100,0) | I3: =IF(F3>0,(G3-F3)/F3*100,0) | J3: =COUNTIF(Техкарты!A:A,C3) | L3: Да
A4: 3 | B4: Супы | C4: Реза Шурбо | D4: hot_kitchen | E4: =SUMIF(Техкарты!A:A,C4,Техкарты!D:D) | F4: =SUMIF(Техкарты!A:A,C4,Техкарты!G:G) | G4: 16 | H4: =IF(G4>0,F4/G4*100,0) | I4: =IF(F4>0,(G4-F4)/F4*100,0) | J4: =COUNTIF(Техкарты!A:A,C4) | L4: Да
A5: 4 | B5: Супы | C5: Лагман | D5: hot_kitchen | E5: =SUMIF(Техкарты!A:A,C5,Техкарты!D:D) | F5: =SUMIF(Техкарты!A:A,C5,Техкарты!G:G) | G5: 25 | H5: =IF(G5>0,F5/G5*100,0) | I5: =IF(F5>0,(G5-F5)/F5*100,0) | J5: =COUNTIF(Техкарты!A:A,C5) | L5: Да
A6: 5 | B6: Супы | C6: Хом Шурво | D6: hot_kitchen | E6: =SUMIF(Техкарты!A:A,C6,Техкарты!D:D) | F6: =SUMIF(Техкарты!A:A,C6,Техкарты!G:G) | G6: 20 | H6: =IF(G6>0,F6/G6*100,0) | I6: =IF(F6>0,(G6-F6)/F6*100,0) | J6: =COUNTIF(Техкарты!A:A,C6) | L6: Да
A7: 6 | B7: Супы | C7: 3В1 | D7: hot_kitchen | E7: =SUMIF(Техкарты!A:A,C7,Техкарты!D:D) | F7: =SUMIF(Техкарты!A:A,C7,Техкарты!G:G) | H7: =IF(G7>0,F7/G7*100,0) | I7: =IF(F7>0,(G7-F7)/F7*100,0) | J7: =COUNTIF(Техкарты!A:A,C7) | L7: Да
A8: 7 | B8: Супы | C8: Жавари | D8: hot_kitchen | E8: =SUMIF(Техкарты!A:A,C8,Техкарты!D:D) | F8: =SUMIF(Техкарты!A:A,C8,Техкарты!G:G) | G8: 14 | H8: =IF(G8>0,F8/G8*100,0) | I8: =IF(F8>0,(G8-F8)/F8*100,0) | J8: =COUNTIF(Техкарты!A:A,C8) | L8: Да
A9: 8 | B9: Супы | C9: Мастова Домашный | D9: hot_kitchen | E9: =SUMIF(Техкарты!A:A,C9,Техкарты!D:D) | F9: =SUMIF(Техкарты!A:A,C9,Техкарты!G:G) | G9: 14 | H9: =IF(G9>0,F9/G9*100,0) | I9: =IF(F9>0,(G9-F9)/F9*100,0) | J9: =COUNTIF(Техкарты!A:A,C9) | L9: Да
A10: 9 | B10: Супы | C10: Чучвара | D10: hot_kitchen | E10: =SUMIF(Техкарты!A:A,C10,Техкарты!D:D) | F10: =SUMIF(Техкарты!A:A,C10,Техкарты!G:G) | G10: 18 | H10: =IF(G10>0,F10/G10*100,0) | I10: =IF(F10>0,(G10-F10)/F10*100,0) | J10: =COUNTIF(Техкарты!A:A,C10) | L10: Да
A11: 10 | B11: Супы | C11: Угро | D11: hot_kitchen | E11: =SUMIF(Техкарты!A:A,C11,Техкарты!D:D) | F11: =SUMIF(Техкарты!A:A,C11,Техкарты!G:G) | G11: 16 | H11: =IF(G11>0,F11/G11*100,0) | I11: =IF(F11>0,(G11-F11)/F11*100,0) | J11: =COUNTIF(Техкарты!A:A,C11) | L11: Да
A12: 11 | B12: Супы | C12: Харчо | D12: hot_kitchen | E12: =SUMIF(Техкарты!A:A,C12,Техкарты!D:D) | F12: =SUMIF(Техкарты!A:A,C12,Техкарты!G:G) | G12: 18 | H12: =IF(G12>0,F12/G12*100,0) | I12: =IF(F12>0,(G12-F12)/F12*100,0) | J12: =COUNTIF(Техкарты!A:A,C12) | L12: Да
A13: 12 | B13: Супы | C13: Чечивица | D13: hot_kitchen | E13: =SUMIF(Техкарты!A:A,C13,Техкарты!D:D) | F13: =SUMIF(Техкарты!A:A,C13,Техкарты!G:G) | G13: 12 | H13: =IF(G13>0,F13/G13*100,0) | I13: =IF(F13>0,(G13-F13)/F13*100,0) | J13: =COUNTIF(Техкарты!A:A,C13) | L13: Да
A14: 13 | B14: Супы | C14: Суп Хрущевский | D14: hot_kitchen | E14: =SUMIF(Техкарты!A:A,C14,Техкарты!D:D) | F14: =SUMIF(Техкарты!A:A,C14,Техкарты!G:G) | G14: 14 | H14: =IF(G14>0,F14/G14*100,0) | I14: =IF(F14>0,(G14-F14)/F14*100,0) | J14: =COUNTIF(Техкарты!A:A,C14) | L14: Да
A15: 14 | B15: Супы | C15: Тефттел Шурбо | D15: hot_kitchen | E15: =SUMIF(Техкарты!A:A,C15,Техкарты!D:D) | F15: =SUMIF(Техкарты!A:A,C15,Техкарты!G:G) | G15: 25 | H15: =IF(G15>0,F15/G15*100,0) | I15: =IF(F15>0,(G15-F15)/F15*100,0) | J15: =COUNTIF(Техкарты!A:A,C15) | L15: Да
A16: 15 | B16: Супы | C16: Забон Шурбо | D16: hot_kitchen | E16: =SUMIF(Техкарты!A:A,C16,Техкарты!D:D) | F16: =SUMIF(Техкарты!A:A,C16,Техкарты!G:G) | G16: 23 | H16: =IF(G16>0,F16/G16*100,0) | I16: =IF(F16>0,(G16-F16)/F16*100,0) | J16: =COUNTIF(Техкарты!A:A,C16) | L16: Да
A17: 16 | B17: Супы | C17: Илик Шурбо | D17: hot_kitchen | E17: =SUMIF(Техкарты!A:A,C17,Техкарты!D:D) | F17: =SUMIF(Техкарты!A:A,C17,Техкарты!G:G) | G17: 62 | H17: =IF(G17>0,F17/G17*100,0) | I17: =IF(F17>0,(G17-F17)/F17*100,0) | J17: =COUNTIF(Техкарты!A:A,C17) | L17: Да
A18: 17 | B18: Супы | C18: Дум Шурбо | D18: hot_kitchen | E18: =SUMIF(Техкарты!A:A,C18,Техкарты!D:D) | F18: =SUMIF(Техкарты!A:A,C18,Техкарты!G:G) | G18: 42 | H18: =IF(G18>0,F18/G18*100,0) | I18: =IF(F18>0,(G18-F18)/F18*100,0) | J18: =COUNTIF(Техкарты!A:A,C18) | L18: Да
A19: 18 | B19: Супы | C19: Бедона Шурбо | D19: hot_kitchen | E19: =SUMIF(Техкарты!A:A,C19,Техкарты!D:D) | F19: =SUMIF(Техкарты!A:A,C19,Техкарты!G:G) | G19: 41 | H19: =IF(G19>0,F19/G19*100,0) | I19: =IF(F19>0,(G19-F19)/F19*100,0) | J19: =COUNTIF(Техкарты!A:A,C19) | L19: Да
A20: 19 | B20: Супы | C20: Кавурга Шурбо | D20: hot_kitchen | E20: =SUMIF(Техкарты!A:A,C20,Техкарты!D:D) | F20: =SUMIF(Техкарты!A:A,C20,Техкарты!G:G) | G20: 47 | H20: =IF(G20>0,F20/G20*100,0) | I20: =IF(F20>0,(G20-F20)/F20*100,0) | J20: =COUNTIF(Техкарты!A:A,C20) | L20: Да
A21: 20 | B21: Вторые (готовые) | C21: Кавурдок | D21: hot_kitchen | E21: =SUMIF(Техкарты!A:A,C21,Техкарты!D:D) | F21: =SUMIF(Техкарты!A:A,C21,Техкарты!G:G) | H21: =IF(G21>0,F21/G21*100,0) | I21: =IF(F21>0,(G21-F21)/F21*100,0) | J21: =COUNTIF(Техкарты!A:A,C21) | L21: Да
A22: 21 | B22: Вторые (готовые) | C22: Жазза | D22: hot_kitchen | E22: =SUMIF(Техкарты!A:A,C22,Техкарты!D:D) | F22: =SUMIF(Техкарты!A:A,C22,Техкарты!G:G) | H22: =IF(G22>0,F22/G22*100,0) | I22: =IF(F22>0,(G22-F22)/F22*100,0) | J22: =COUNTIF(Техкарты!A:A,C22) | L22: Да
A23: 22 | B23: Вторые (готовые) | C23: Ребришки | D23: hot_kitchen | E23: =SUMIF(Техкарты!A:A,C23,Техкарты!D:D) | F23: =SUMIF(Техкарты!A:A,C23,Техкарты!G:G) | H23: =IF(G23>0,F23/G23*100,0) | I23: =IF(F23>0,(G23-F23)/F23*100,0) | J23: =COUNTIF(Техкарты!A:A,C23) | L23: Да
A24: 23 | B24: Вторые (готовые) | C24: Илик Кавур | D24: hot_kitchen | E24: =SUMIF(Техкарты!A:A,C24,Техкарты!D:D) | F24: =SUMIF(Техкарты!A:A,C24,Техкарты!G:G) | H24: =IF(G24>0,F24/G24*100,0) | I24: =IF(F24>0,(G24-F24)/F24*100,0) | J24: =COUNTIF(Техкарты!A:A,C24) | L24: Да
A25: 24 | B25: Вторые (готовые) | C25: Дум Кавур | D25: hot_kitchen | E25: =SUMIF(Техкарты!A:A,C25,Техкарты!D:D) | F25: =SUMIF(Техкарты!A:A,C25,Техкарты!G:G) | H25: =IF(G25>0,F25/G25*100,0) | I25: =IF(F25>0,(G25-F25)/F25*100,0) | J25: =COUNTIF(Техкарты!A:A,C25) | L25: Да
A26: 25 | B26: Вторые (готовые) | C26: Буйин Куй | D26: hot_kitchen | E26: =SUMIF(Техкарты!A:A,C26,Техкарты!D:D) | F26: =SUMIF(Техкарты!A:A,C26,Техкарты!G:G) | H26: =IF(G26>0,F26/G26*100,0) | I26: =IF(F26>0,(G26-F26)/F26*100,0) | J26: =COUNTIF(Техкарты!A:A,C26) | L26: Да
A27: 26 | B27: Вторые (готовые) | C27: Бедона Кавур | D27: hot_kitchen | E27: =SUMIF(Техкарты!A:A,C27,Техкарты!D:D) | F27: =SUMIF(Техкарты!A:A,C27,Техкарты!G:G) | H27: =IF(G27>0,F27/G27*100,0) | I27: =IF(F27>0,(G27-F27)/F27*100,0) | J27: =COUNTIF(Техкарты!A:A,C27) | L27: Да
A28: 27 | B28: Вторые (готовые) | C28: Казон Кавурдок | D28: hot_kitchen | E28: =SUMIF(Техкарты!A:A,C28,Техкарты!D:D) | F28: =SUMIF(Техкарты!A:A,C28,Техкарты!G:G) | H28: =IF(G28>0,F28/G28*100,0) | I28: =IF(F28>0,(G28-F28)/F28*100,0) | J28: =COUNTIF(Техкарты!A:A,C28) | L28: Да
A29: 28 | B29: Вторые (готовые) | C29: Казон Кабо Баранина | D29: hot_kitchen | E29: =SUMIF(Техкарты!A:A,C29,Техкарты!D:D) | F29: =SUMIF(Техкарты!A:A,C29,Техкарты!G:G) | H29: =IF(G29>0,F29/G29*100,0) | I29: =IF(F29>0,(G29-F29)/F29*100,0) | J29: =COUNTIF(Техкарты!A:A,C29) | L29: Да
A30: 29 | B30: Вторые (готовые) | C30: Котлет Сыром | D30: hot_kitchen | E30: =SUMIF(Техкарты!A:A,C30,Техкарты!D:D) | F30: =SUMIF(Техкарты!A:A,C30,Техкарты!G:G) | H30: =IF(G30>0,F30/G30*100,0) | I30: =IF(F30>0,(G30-F30)/F30*100,0) | J30: =COUNTIF(Техкарты!A:A,C30) | L30: Да
A31: 30 | B31: Вторые (готовые) | C31: Плов Ташкентский | D31: hot_kitchen | E31: =SUMIF(Техкарты!A:A,C31,Техкарты!D:D) | F31: =SUMIF(Техкарты!A:A,C31,Техкарты!G:G) | H31: =IF(G31>0,F31/G31*100,0) | I31: =IF(F31>0,(G31-F31)/F31*100,0) | J31: =COUNTIF(Техкарты!A:A,C31) | L31: Да
A32: 31 | B32: Вторые (готовые) | C32: Тбака | D32: hot_kitchen | E32: =SUMIF(Техкарты!A:A,C32,Техкарты!D:D) | F32: =SUMIF(Техкарты!A:A,C32,Техкарты!G:G) | H32: =IF(G32>0,F32/G32*100,0) | I32: =IF(F32>0,(G32-F32)/F32*100,0) | J32: =COUNTIF(Техкарты!A:A,C32) | L32: Да
... A34: 33 | B34: Гарниры | C34: Масса Порция | D34: hot_kitchen | E34: =SUMIF(Техкарты!A:A,C34,Техкарты!D:D) | F34: =SUMIF(Техкарты!A:A,C34,Техкарты!G:G) | H34: =IF(G34>0,F34/G34*100,0) | I34: =IF(F34>0,(G34-F34)/F34*100,0) | J34: =COUNTIF(Техкарты!A:A,C34) | L34: Да
A35: 34 | B35: Гарниры | C35: Масса *Кг | D35: hot_kitchen | E35: =SUMIF(Техкарты!A:A,C35,Техкарты!D:D) | F35: =SUMIF(Техкарты!A:A,C35,Техкарты!G:G) | G35: 6 | H35: =IF(G35>0,F35/G35*100,0) | I35: =IF(F35>0,(G35-F35)/F35*100,0) | J35: =COUNTIF(Техкарты!A:A,C35) | L35: Да
A36: 35 | B36: Гарниры | C36: Масса*Вых | D36: hot_kitchen | E36: =SUMIF(Техкарты!A:A,C36,Техкарты!D:D) | F36: =SUMIF(Техкарты!A:A,C36,Техкарты!G:G) | H36: =IF(G36>0,F36/G36*100,0) | I36: =IF(F36>0,(G36-F36)/F36*100,0) | J36: =COUNTIF(Техкарты!A:A,C36) | L36: Да
A37: 36 | B37: Завтраки | C37: Кулча | D37: hot_kitchen | E37: =SUMIF(Техкарты!A:A,C37,Техкарты!D:D) | F37: =SUMIF(Техкарты!A:A,C37,Техкарты!G:G) | H37: =IF(G37>0,F37/G37*100,0) | I37: =IF(F37>0,(G37-F37)/F37*100,0) | J37: =COUNTIF(Техкарты!A:A,C37) | L37: Да
A38: 37 | B38: Завтраки | C38: Блинчик | D38: hot_kitchen | E38: =SUMIF(Техкарты!A:A,C38,Техкарты!D:D) | F38: =SUMIF(Техкарты!A:A,C38,Техкарты!G:G) | H38: =IF(G38>0,F38/G38*100,0) | I38: =IF(F38>0,(G38-F38)/F38*100,0) | J38: =COUNTIF(Техкарты!A:A,C38) | L38: Да
A39: 38 | B39: Завтраки | C39: Блинчик С Творогом | D39: hot_kitchen | E39: =SUMIF(Техкарты!A:A,C39,Техкарты!D:D) | F39: =SUMIF(Техкарты!A:A,C39,Техкарты!G:G) | H39: =IF(G39>0,F39/G39*100,0) | I39: =IF(F39>0,(G39-F39)/F39*100,0) | J39: =COUNTIF(Техкарты!A:A,C39) | L39: Да
A40: 39 | B40: Завтраки | C40: Блинчик С Медом | D40: hot_kitchen | E40: =SUMIF(Техкарты!A:A,C40,Техкарты!D:D) | F40: =SUMIF(Техкарты!A:A,C40,Техкарты!G:G) | H40: =IF(G40>0,F40/G40*100,0) | I40: =IF(F40>0,(G40-F40)/F40*100,0) | J40: =COUNTIF(Техкарты!A:A,C40) | L40: Да
A41: 40 | B41: Завтраки | C41: Блинчик С Мясом | D41: hot_kitchen | E41: =SUMIF(Техкарты!A:A,C41,Техкарты!D:D) | F41: =SUMIF(Техкарты!A:A,C41,Техкарты!G:G) | H41: =IF(G41>0,F41/G41*100,0) | I41: =IF(F41>0,(G41-F41)/F41*100,0) | J41: =COUNTIF(Техкарты!A:A,C41) | L41: Да
A42: 41 | B42: Завтраки | C42: Каша Манная | D42: hot_kitchen | E42: =SUMIF(Техкарты!A:A,C42,Техкарты!D:D) | F42: =SUMIF(Техкарты!A:A,C42,Техкарты!G:G) | H42: =IF(G42>0,F42/G42*100,0) | I42: =IF(F42>0,(G42-F42)/F42*100,0) | J42: =COUNTIF(Техкарты!A:A,C42) | L42: Да
A43: 42 | B43: Завтраки | C43: Каша Рисовый | D43: hot_kitchen | E43: =SUMIF(Техкарты!A:A,C43,Техкарты!D:D) | F43: =SUMIF(Техкарты!A:A,C43,Техкарты!G:G) | H43: =IF(G43>0,F43/G43*100,0) | I43: =IF(F43>0,(G43-F43)/F43*100,0) | J43: =COUNTIF(Техкарты!A:A,C43) | L43: Да
A44: 43 | B44: Завтраки | C44: Каша Овсенная | D44: hot_kitchen | E44: =SUMIF(Техкарты!A:A,C44,Техкарты!D:D) | F44: =SUMIF(Техкарты!A:A,C44,Техкарты!G:G) | H44: =IF(G44>0,F44/G44*100,0) | I44: =IF(F44>0,(G44-F44)/F44*100,0) | J44: =COUNTIF(Техкарты!A:A,C44) | L44: Да
A45: 44 | B45: Завтраки | C45: Каймок Творог | D45: hot_kitchen | E45: =SUMIF(Техкарты!A:A,C45,Техкарты!D:D) | F45: =SUMIF(Техкарты!A:A,C45,Техкарты!G:G) | H45: =IF(G45>0,F45/G45*100,0) | I45: =IF(F45>0,(G45-F45)/F45*100,0) | J45: =COUNTIF(Техкарты!A:A,C45) | L45: Да
A46: 45 | B46: Завтраки | C46: Турецкий Завтрак | D46: hot_kitchen | E46: =SUMIF(Техкарты!A:A,C46,Техкарты!D:D) | F46: =SUMIF(Техкарты!A:A,C46,Техкарты!G:G) | H46: =IF(G46>0,F46/G46*100,0) | I46: =IF(F46>0,(G46-F46)/F46*100,0) | J46: =COUNTIF(Техкарты!A:A,C46) | L46: Да
A47: 46 | B47: Завтраки | C47: Омлет Франсузкий | D47: hot_kitchen | E47: =SUMIF(Техкарты!A:A,C47,Техкарты!D:D) | F47: =SUMIF(Техкарты!A:A,C47,Техкарты!G:G) | H47: =IF(G47>0,F47/G47*100,0) | I47: =IF(F47>0,(G47-F47)/F47*100,0) | J47: =COUNTIF(Техкарты!A:A,C47) | L47: Да
... A53: 52 | B53: Полуфабрикаты мясные | C53: Шаршара | D53: grill | E53: =SUMIF(Техкарты!A:A,C53,Техкарты!D:D) | F53: =SUMIF(Техкарты!A:A,C53,Техкарты!G:G) | H53: =IF(G53>0,F53/G53*100,0) | I53: =IF(F53>0,(G53-F53)/F53*100,0) | J53: =COUNTIF(Техкарты!A:A,C53) | L53: Да
A54: 53 | B54: Полуфабрикаты мясные | C54: Мариновка Верзка | D54: grill | E54: =SUMIF(Техкарты!A:A,C54,Техкарты!D:D) | F54: =SUMIF(Техкарты!A:A,C54,Техкарты!G:G) | G54: 33 | H54: =IF(G54>0,F54/G54*100,0) | I54: =IF(F54>0,(G54-F54)/F54*100,0) | J54: =COUNTIF(Техкарты!A:A,C54) | L54: Да
A55: 54 | B55: Полуфабрикаты мясные | C55: Мариновка Баранина | D55: grill | E55: =SUMIF(Техкарты!A:A,C55,Техкарты!D:D) | F55: =SUMIF(Техкарты!A:A,C55,Техкарты!G:G) | G55: 37 | H55: =IF(G55>0,F55/G55*100,0) | I55: =IF(F55>0,(G55-F55)/F55*100,0) | J55: =COUNTIF(Техкарты!A:A,C55) | L55: Да
A56: 55 | B56: Полуфабрикаты мясные | C56: Мариновка Рбай На Мангали | D56: grill | E56: =SUMIF(Техкарты!A:A,C56,Техкарты!D:D) | F56: =SUMIF(Техкарты!A:A,C56,Техкарты!G:G) | G56: 350 | H56: =IF(G56>0,F56/G56*100,0) | I56: =IF(F56>0,(G56-F56)/F56*100,0) | J56: =COUNTIF(Техкарты!A:A,C56) | L56: Да
A57: 56 | B57: Полуфабрикаты мясные | C57: Мариновка Корейка | D57: grill | E57: =SUMIF(Техкарты!A:A,C57,Техкарты!D:D) | F57: =SUMIF(Техкарты!A:A,C57,Техкарты!G:G) | G57: 320 | H57: =IF(G57>0,F57/G57*100,0) | I57: =IF(F57>0,(G57-F57)/F57*100,0) | J57: =COUNTIF(Техкарты!A:A,C57) | L57: Да
A58: 57 | B58: Полуфабрикаты мясные | C58: Крилышки | D58: grill | E58: =SUMIF(Техкарты!A:A,C58,Техкарты!D:D) | F58: =SUMIF(Техкарты!A:A,C58,Техкарты!G:G) | G58: 17 | H58: =IF(G58>0,F58/G58*100,0) | I58: =IF(F58>0,(G58-F58)/F58*100,0) | J58: =COUNTIF(Техкарты!A:A,C58) | L58: Да
A59: 58 | B59: Полуфабрикаты мясные | C59: Ассорти | D59: grill | E59: =SUMIF(Техкарты!A:A,C59,Техкарты!D:D) | F59: =SUMIF(Техкарты!A:A,C59,Техкарты!G:G) | H59: =IF(G59>0,F59/G59*100,0) | I59: =IF(F59>0,(G59-F59)/F59*100,0) | J59: =COUNTIF(Техкарты!A:A,C59) | L59: Да
A60: 59 | B60: Полуфабрикаты мясные | C60: Рулет | D60: grill | E60: =SUMIF(Техкарты!A:A,C60,Техкарты!D:D) | F60: =SUMIF(Техкарты!A:A,C60,Техкарты!G:G) | H60: =IF(G60>0,F60/G60*100,0) | I60: =IF(F60>0,(G60-F60)/F60*100,0) | J60: =COUNTIF(Техкарты!A:A,C60) | L60: Да
A61: 60 | B61: Полуфабрикаты мясные | C61: Котлет Домашный | D61: grill | E61: =SUMIF(Техкарты!A:A,C61,Техкарты!D:D) | F61: =SUMIF(Техкарты!A:A,C61,Техкарты!G:G) | H61: =IF(G61>0,F61/G61*100,0) | I61: =IF(F61>0,(G61-F61)/F61*100,0) | J61: =COUNTIF(Техкарты!A:A,C61) | L61: Да
A62: 61 | B62: Вторые (заказные) | C62: Паста Классик | D62: hot_kitchen | E62: =SUMIF(Техкарты!A:A,C62,Техкарты!D:D) | F62: =SUMIF(Техкарты!A:A,C62,Техкарты!G:G) | H62: =IF(G62>0,F62/G62*100,0) | I62: =IF(F62>0,(G62-F62)/F62*100,0) | J62: =COUNTIF(Техкарты!A:A,C62) | L62: Да
A63: 62 | B63: Вторые (заказные) | C63: Паста Чаханский | D63: hot_kitchen | E63: =SUMIF(Техкарты!A:A,C63,Техкарты!D:D) | F63: =SUMIF(Техкарты!A:A,C63,Техкарты!G:G) | H63: =IF(G63>0,F63/G63*100,0) | I63: =IF(F63>0,(G63-F63)/F63*100,0) | J63: =COUNTIF(Техкарты!A:A,C63) | L63: Да
A64: 63 | B64: Вторые (заказные) | C64: Медалион В Сливочном Соусе | D64: hot_kitchen | E64: =SUMIF(Техкарты!A:A,C64,Техкарты!D:D) | F64: =SUMIF(Техкарты!A:A,C64,Техкарты!G:G) | H64: =IF(G64>0,F64/G64*100,0) | I64: =IF(F64>0,(G64-F64)/F64*100,0) | J64: =COUNTIF(Техкарты!A:A,C64) | L64: Да
A65: 64 | B65: Вторые (заказные) | C65: Божество | D65: hot_kitchen | E65: =SUMIF(Техкарты!A:A,C65,Техкарты!D:D) | F65: =SUMIF(Техкарты!A:A,C65,Техкарты!G:G) | H65: =IF(G65>0,F65/G65*100,0) | I65: =IF(F65>0,(G65-F65)/F65*100,0) | J65: =COUNTIF(Техкарты!A:A,C65) | L65: Да
A66: 65 | B66: Вторые (заказные) | C66: Вагури | D66: hot_kitchen | E66: =SUMIF(Техкарты!A:A,C66,Техкарты!D:D) | F66: =SUMIF(Техкарты!A:A,C66,Техкарты!G:G) | H66: =IF(G66>0,F66/G66*100,0) | I66: =IF(F66>0,(G66-F66)/F66*100,0) | J66: =COUNTIF(Техкарты!A:A,C66) | L66: Да
A67: 66 | B67: Вторые (заказные) | C67: Ягненка Баранина | D67: hot_kitchen | E67: =SUMIF(Техкарты!A:A,C67,Техкарты!D:D) | F67: =SUMIF(Техкарты!A:A,C67,Техкарты!G:G) | H67: =IF(G67>0,F67/G67*100,0) | I67: =IF(F67>0,(G67-F67)/F67*100,0) | J67: =COUNTIF(Техкарты!A:A,C67) | L67: Да
A68: 67 | B68: Вторые (заказные) | C68: Виагра | D68: hot_kitchen | E68: =SUMIF(Техкарты!A:A,C68,Техкарты!D:D) | F68: =SUMIF(Техкарты!A:A,C68,Техкарты!G:G) | H68: =IF(G68>0,F68/G68*100,0) | I68: =IF(F68>0,(G68-F68)/F68*100,0) | J68: =COUNTIF(Техкарты!A:A,C68) | L68: Да
A69: 68 | B69: Вторые (заказные) | C69: Чупонча | D69: hot_kitchen | E69: =SUMIF(Техкарты!A:A,C69,Техкарты!D:D) | F69: =SUMIF(Техкарты!A:A,C69,Техкарты!G:G) | H69: =IF(G69>0,F69/G69*100,0) | I69: =IF(F69>0,(G69-F69)/F69*100,0) | J69: =COUNTIF(Техкарты!A:A,C69) | L69: Да
A70: 69 | B70: Вторые (заказные) | C70: Картошка По Домашному | D70: hot_kitchen | E70: =SUMIF(Техкарты!A:A,C70,Техкарты!D:D) | F70: =SUMIF(Техкарты!A:A,C70,Техкарты!G:G) | H70: =IF(G70>0,F70/G70*100,0) | I70: =IF(F70>0,(G70-F70)/F70*100,0) | J70: =COUNTIF(Техкарты!A:A,C70) | L70: Да
A71: 70 | B71: Вторые (заказные) | C71: Стейк Франсузкий | D71: hot_kitchen | E71: =SUMIF(Техкарты!A:A,C71,Техкарты!D:D) | F71: =SUMIF(Техкарты!A:A,C71,Техкарты!G:G) | H71: =IF(G71>0,F71/G71*100,0) | I71: =IF(F71>0,(G71-F71)/F71*100,0) | J71: =COUNTIF(Техкарты!A:A,C71) | L71: Да

Sheet Техкарты
A1: Блюдо | B1: Категория | C1: Ингредиент | D1: Масса (г) | E1: Ед. | F1: Цена за кг | G1: Стоимость
A2: Салат Каприз | B2: Салаты | C2: тил | D2: 40 | E2: г | F2: 125 | G2: 5
A3: Салат Каприз | C3: маенез | D3: 30 | E3: г | F3: 20.5 | G3: 0.61
A4: Салат Каприз | C4: грибы | D4: 10 | E4: г | F4: 96 | G4: 0.96
A5: Салат Каприз | C5: окорочка | D5: 40 | E5: г | F5: 80 | G5: 3.2
A6: Салат Каприз | C6: зеленый горошек | D6: 10 | E6: г | F6: 50 | G6: 0.5
A7: Салат Каприз | C7: салат лист | D7: 10 | E7: г | F7: 2 | G7: 0.02
A8: Салат Каприз | C8: черри | D8: 10 | E8: г | F8: 20 | G8: 0.2
C9: ИТОГО | F9: Цена: 22.0 | G9: 10.49
A11: Мастова | B11: Супы | C11: ег | D11: 200 | E11: г | F11: 17 | G11: 3.4
A12: Мастова | C12: пиез | D12: 200 | E12: г | F12: 10 | G12: 2
A13: Мастова | C13: мясо | D13: 500 | E13: г | F13: 130 | G13: 65
A14: Мастова | C14: сабзи | D14: 450 | E14: г | F14: 10 | G14: 4.5
A15: Мастова | C15: картошка | D15: 400 | E15: г | F15: 10 | G15: 4
A16: Мастова | C16: балгар | D16: 300 | E16: г | F16: 53.6 | G16: 16.08
A17: Мастова | C17: гурунч | D17: 450 | E17: г | F17: 15 | G17: 6.75
A18: Мастова | C18: кайла | D18: 15 | E18: г | F18: 100 | G18: 1.5
A19: Мастова | C19: специ | D19: 50 | E19: г | F19: 100 | G19: 5
A20: Мастова | C20: сув | D20: 5000 | E20: г | F20: 0.4 | G20: 2
A21: Мастова | C21: катик | D21: 1000 | E21: г | F21: 10 | G21: 10
A22: Мастова | C22: порция | D22: 250 | E22: г | F22: 0 | G22: 0
A23: Мастова | C23: вых | D23: 34260 | E23: г | F23: 0 | G23: 0
C24: ИТОГО | F24: Цена: 12.0 | G24: 120.23
A26: Реза Шурбо | B26: Супы | C26: ег | D26: 150 | E26: г | F26: 17 | G26: 2.55
A27: Реза Шурбо | C27: пиез | D27: 200 | E27: г | F27: 10 | G27: 2
A28: Реза Шурбо | C28: мясо | D28: 500 | E28: г | F28: 130 | G28: 65
A29: Реза Шурбо | C29: сабзи | D29: 600 | E29: г | F29: 10 | G29: 6
A30: Реза Шурбо | C30: картошка | D30: 1000 | E30: г | F30: 10 | G30: 10
A31: Реза Шурбо | C31: балгар | D31: 450 | E31: г | F31: 53.6 | G31: 24.12
A32: Реза Шурбо | C32: думба | D32: 150 | E32: г | F32: 100 | G32: 15
A33: Реза Шурбо | C33: нухот | D33: 300 | E33: г | F33: 10 | G33: 3
A34: Реза Шурбо | C34: специ | D34: 50 | E34: г | F34: 100 | G34: 5
A35: Реза Шурбо | C35: сув | D35: 5000 | E35: г | F35: 0.4 | G35: 2
A36: Реза Шурбо | C36: томат | D36: 390 | E36: г | F36: 25 | G36: 9.75
A37: Реза Шурбо | C37: селдерей | D37: 25 | E37: г | F37: 100 | G37: 2.5
A38: Реза Шурбо | C38: сметана | D38: 930 | E38: г | F38: 15 | G38: 13.95
... A40: Реза Шурбо | C40: вых | D40: 31435.5 | E40: г | F40: 0 | G40: 0
C41: ИТОГО | F41: Цена: 16.0 | G41: 160.87
A43: Лагман | B43: Супы | C43: ег | D43: 200 | E43: г | F43: 17 | G43: 3.4
A44: Лагман | C44: пиез | D44: 250 | E44: г | F44: 10 | G44: 2.5
A45: Лагман | C45: мясо | D45: 1000 | E45: г | F45: 130 | G45: 130
A46: Лагман | C46: селдерей | D46: 450 | E46: г | F46: 30 | G46: 13.5
A47: Лагман | C47: кабачки | D47: 400 | E47: г | F47: 35 | G47: 14
A48: Лагман | C48: балгар | D48: 900 | E48: г | F48: 53.6 | G48: 48.24
A49: Лагман | C49: пекинка | D49: 900 | E49: г | F49: 10 | G49: 9
A50: Лагман | C50: томат | D50: 1000 | E50: г | F50: 25 | G50: 25
A51: Лагман | C51: специ | D51: 50 | E51: г | F51: 100 | G51: 5
A52: Лагман | C52: сув | D52: 3000 | E52: г | F52: 0.4 | G52: 1.2
A53: Лагман | C53: калампир | D53: 20 | E53: г | F53: 100 | G53: 2
A54: Лагман | C54: соевый | D54: 50 | E54: г | F54: 26 | G54: 1.3
A55: Лагман | C55: хамир | D55: 3500 | E55: г | F55: 10 | G55: 35
... A57: Лагман | C57: вых | D57: 27255.8 | E57: г | F57: 0 | G57: 0
C58: ИТОГО | F58: Цена: 25.0 | G58: 290.14
A60: Хом Шурво | B60: Супы | C60: сарег | D60: 200 | E60: г | F60: 40 | G60: 8
A61: Хом Шурво | C61: пиез | D61: 1000 | E61: г | F61: 10 | G61: 10
A62: Хом Шурво | C62: мясо | D62: 1200 | E62: г | F62: 130 | G62: 156
A63: Хом Шурво | C63: сабзи | D63: 800 | E63: г | F63: 10 | G63: 8
A64: Хом Шурво | C64: картошка | D64: 1500 | E64: г | F64: 10 | G64: 15
A65: Хом Шурво | C65: балгар | D65: 600 | E65: г | F65: 53.6 | G65: 32.16
A66: Хом Шурво | C66: нухот | D66: 300 | E66: г | F66: 10 | G66: 3
A67: Хом Шурво | C67: думба | D67: 200 | E67: г | F67: 100 | G67: 20
A68: Хом Шурво | C68: специ | D68: 100 | E68: г | F68: 100 | G68: 10
A69: Хом Шурво | C69: сув | D69: 5000 | E69: г | F69: 0.4 | G69: 2
A70: Хом Шурво | C70: помидор | D70: 400 | E70: г | F70: 30 | G70: 12
A71: Хом Шурво | C71: зелень | D71: 60 | E71: г | F71: 50 | G71: 3
A72: Хом Шурво | C72: порция | D72: 700 | E72: г | F72: 0 | G72: 0
A73: Хом Шурво | C73: вых | D73: 16228.6 | E73: г | F73: 0 | G73: 0
C74: ИТОГО | F74: Цена: 20.0 | G74: 279.16
A76: 3В1 | B76: Супы | C76: ег | D76: 200 | E76: г | F76: 17 | G76: 3.4
A77: 3В1 | C77: пиез | D77: 350 | E77: г | F77: 10 | G77: 3.5
A78: 3В1 | C78: мясо | D78: 600 | E78: г | F78: 130 | G78: 78
A79: 3В1 | C79: костичка | D79: 450 | E79: г | F79: 100 | G79: 45
A80: 3В1 | C80: картошка | D80: 1000 | E80: г | F80: 10 | G80: 10
A81: 3В1 | C81: балгар | D81: 500 | E81: г | F81: 53.6 | G81: 26.8
A82: 3В1 | C82: сабзи | D82: 1000 | E82: г | F82: 10 | G82: 10
A83: 3В1 | C83: томат | D83: 1000 | E83: г | F83: 25 | G83: 25
A84: 3В1 | C84: специ | D84: 50 | E84: г | F84: 100 | G84: 5
A85: 3В1 | C85: сув | D85: 5000 | E85: г | F85: 0.4 | G85: 2
A86: 3В1 | C86: порция | D86: 200 | E86: г | F86: 0 | G86: 0
A87: 3В1 | C87: вых | D87: 50750 | E87: г | F87: 0 | G87: 0
C88: ИТОГО | G88: 208.7
A90: Жавари | B90: Супы | C90: 3в1 | D90: 10000 | E90: г | F90: 21 | G90: 210
A91: Жавари | C91: жавари | D91: 500 | E91: г | F91: 15 | G91: 7.5
A92: Жавари | C92: мош | D92: 250 | E92: г | F92: 15 | G92: 3.75
A93: Жавари | C93: любе | D93: 250 | E93: г | F93: 15 | G93: 3.75
A94: Жавари | C94: сув | D94: 3000 | E94: г | F94: 0.4 | G94: 1.2
A95: Жавари | C95: катик | D95: 1500 | E95: г | F95: 10 | G95: 15
A96: Жавари | C96: зелень | D96: 200 | E96: г | F96: 50 | G96: 10
A97: Жавари | C97: порция | D97: 310 | E97: г | F97: 0 | G97: 0
A98: Жавари | C98: вых | D98: 50645.2 | E98: г | F98: 0 | G98: 0
C99: ИТОГО | F99: Цена: 14.0 | G99: 251.2
A101: Мастова Домашный | B101: Супы | C101: 3в1 | D101: 200 | E101: г | F101: 21 | G101: 4.2
A102: Мастова Домашный | C102: гурунч | D102: 40 | E102: г | F102: 10 | G102: 0.4
A103: Мастова Домашный | C103: катик | D103: 30 | E103: г | F103: 10 | G103: 0.3
A104: Мастова Домашный | C104: зелень | D104: 4 | E104: г | F104: 50 | G104: 0.2
A105: Мастова Домашный | C105: порция | D105: 274 | E105: г | F105: 0 | G105: 0
A106: Мастова Домашный | C106: вых | D106: 1000 | E106: г | F106: 0 | G106: 0
C107: ИТОГО | F107: Цена: 14.0 | G107: 5.1
A109: Чучвара | B109: Супы | C109: 3в1 | D109: 200 | E109: г | F109: 21 | G109: 4.2
A110: Чучвара | C110: чучвара | D110: 40 | E110: г | F110: 50 | G110: 2
...

Sheet Ингредиенты
A1: № | B1: Ингредиент | C1: Ед. | D1: Цена за ед. (TJS) | E1: Отходы % | F1: Мин. остаток | G1: Категория | H1: Используется в блюдах (шт.)
A2: 1 | B2: 0.2 | C2: кг | D2: 10 | E2: 0 | G2: Прочее | H2: 1
A3: 2 | B3: 0.5 | C3: кг | D3: 2 | E3: 0 | G3: Прочее | H3: 1
A4: 3 | B4: 1 | C4: кг | D4: 0.2 | E4: 0 | G4: Прочее | H4: 1
A5: 4 | B5: 3в1 | C5: кг | D5: 21 | E5: 0 | G5: Прочее | H5: 5
A6: 5 | B6: асал | C6: кг | D6: 45 | E6: 0 | G6: Прочее | H6: 2
A7: 6 | B7: балгар | C7: кг | D7: 53.6 | E7: 0 | G7: Овощи | H7: 12
A8: 7 | B8: балгар перец | C8: кг | D8: 53.6 | E8: 0 | G8: Овощи | H8: 1
A9: 8 | B9: балзам | C9: кг | D9: 230 | E9: 0 | G9: Прочее | H9: 4
A10: 9 | B10: балзамик | C10: кг | D10: 230 | E10: 0 | G10: Прочее | H10: 1
A11: 10 | B11: банан | C11: кг | D11: 25 | E11: 0 | G11: Прочее | H11: 1
A12: 11 | B12: бар ребро | C12: кг | D12: 300 | E12: 0 | G12: Мясо | H12: 2
A13: 12 | B13: баранина ребро | C13: кг | D13: 105 | E13: 0 | G13: Мясо | H13: 2
... A137: 136 | B137: шаурма | C137: кг | D137: 39 | E137: 0 | G137: Прочее | H137: 1

Sheet Инструкция
A1: RestOS — Шаблон импорта техкарт
A2: Ресторан: Шаршара-М
A4: ═══════════════════════════════════════════════════════
A5: ЛИСТ 1: "Блюда" — Список всех блюд меню
A6: ═══════════════════════════════════════════════════════
A8: Колонки:
A9: № — порядковый номер
A10: Категория — раздел меню (Салаты, Супы, Вторые...)
A11: Название — название блюда
A12: Станция — куда пойдёт марка при заказе:
A13: hot_kitchen = Горячий цех
A14: cold_kitchen = Холодный цех
... A71: 5. Загрузите файл в RestOS → Настройки → Импорт
